{"cameraMode":{"drawMode":0,"name":"Shaded","section":"Shading Mode"},"sceneLighting":false,"audioPlay":false,"sceneViewState":{"m_AlwaysRefresh":false,"showFog":true,"showSkybox":false,"showFlares":true,"showImageEffects":true,"showParticleSystems":true,"showVisualEffectGraphs":true,"m_FxEnabled":true},"in2DMode":false,"pivot":{"x":-0.13336268067359925,"y":2.9006526470184328,"z":23.22284698486328},"rotation":{"x":0.005683613941073418,"y":0.6853657364845276,"z":-0.00535605289041996,"w":0.7281728982925415},"size":3.5845561027526857,"orthographic":false}